,precision,recall,completeness,purity,track_length,avg_pt_in_track,total_tp,total_fp,total_fn,noise_contamination_rate,track_cluster_purity,avg_noise_in_knn,total_noise_in_knn,total_other_tracks_in_knn
count,7354.0,7354.0,7354.0,7354.0,7354.0,7354.0,7354.0,7354.0,7354.0,7354.0,7354.0,7354.0,7354.0,7354.0
mean,0.8228977358749091,0.8228977358749091,0.8543299402248714,0.8228977358749091,6.357084579820506,1.847259313727255,38.85939624694044,6.264345934185477,6.264345934185477,0.1743072731860927,0.9743136000271594,0.8068432940135977,6.203426706554256,0.0609192276312211
std,0.23329434066101357,0.23329434066101357,0.2957385714417961,0.23329434066101357,3.327132050736755,11.459418774189622,66.37289682427885,11.281254763140154,11.281254763140154,0.22925775504138535,0.15091249596482118,1.0422987043883887,11.158414920327994,0.6019945299747905
min,0.0,0.0,0.0,0.0,2.0,0.5227847099304199,0.0,0.0,0.0,0.0,0.0,0.0,0.0,0.0
25%,0.708866133866134,0.708866133866134,0.875,0.708866133866134,4.0,0.9447445273399354,9.0,0.0,0.0,0.0,1.0,0.0,0.0,0.0
50%,0.9230769230769232,0.9230769230769232,1.0,0.9230769230769232,6.0,1.1776518821716309,24.0,2.0,2.0,0.0714285714285714,1.0,0.4,2.0,0.0
75%,1.0,1.0,1.0,1.0,8.0,1.6711811125278473,51.0,8.0,8.0,0.2857142857142857,1.0,1.2857142857142858,8.0,0.0
max,1.0,1.0,1.0,1.0,66.0,930.1973266601562,4155.0,189.0,189.0,1.0,1.0,9.066666666666666,181.0,30.0
