,precision,recall,completeness,purity,track_length,avg_pt_in_track,total_tp,total_fp,total_fn
count,7354.0,7354.0,7354.0,7354.0,7354.0,7354.0,7354.0,7354.0,7354.0
mean,0.9819343815192834,0.9819343815192834,0.9830782104306717,0.9819343815192834,6.357084579820506,1.847259313727255,44.7555072069622,0.3682349741637204,0.3682349741637204
std,0.09645049671470293,0.09645049671470293,0.10786192274739444,0.09645049671470293,3.327132050736755,11.459418774189622,70.97237861336163,2.3044142412411657,2.3044142412411657
min,0.0,0.0,0.0,0.0,2.0,0.5227847099304199,0.0,0.0,0.0
25%,1.0,1.0,1.0,1.0,4.0,0.9447445273399354,12.0,0.0,0.0
50%,1.0,1.0,1.0,1.0,6.0,1.1776518821716309,30.0,0.0,0.0
75%,1.0,1.0,1.0,1.0,8.0,1.6711811125278473,56.0,0.0,0.0
max,1.0,1.0,1.0,1.0,66.0,930.1973266601562,4290.0,81.0,81.0
